{ "size_byte": [1024,2048,4096,8192,16384,32768,65536,131072,262144,362144,462144,562144,662144,762144,862144,962144,1062144,2062144,3062144,4062144,5062144,6062144,7062144,8062144,9062144,10062144,11062144,12062144,13062144,14062144,15062144,16062144,17062144,18062144,19062144,20062144,21062144,22062144], "latency_ns": [0.478593,0.506015,0.518950,0.525158,0.528004,0.534730,0.581555,0.606131,0.630190,0.777907,0.923037,1.074117,1.230113,1.383780,1.538740,1.688527,1.838313,1.255206,1.155866,1.178631,1.263226,1.374984,1.511059,1.672229,1.850990,2.053551,2.305265,2.549217,2.770146,3.006856,3.241237,3.467598,3.692407,3.922390,4.150045,4.380287,4.621653,4.851378] }